-- Member 테이블 INSERT 쿼리
INSERT INTO member (email, password, about_me, comment_count, post_count, blog_addr, github_addr, phone_number, created_at, image_key, image_url, nickname, lower_nickname, role, status, updated_at, job)
VALUES ('email1@test.com', '$2a$10$0CdWONAdJgXJkBSKRY6QbuwhTfFrffR1BGQ/2OPSOfqWR5s1Y2Eu2', 'About me 1', 2, 1, 'http://blog1.com', 'http://github.com/user1', '010-1234-0001', CURRENT_TIMESTAMP, 'default-image/users/test-image1.jpg', 'https://deepdiver-community-files-dev.s3.ap-northeast-2.amazonaws.com/default-image/users/test-image1.png', 'User1', 'user1', 'NORMAL', 'REGISTERED', CURRENT_TIMESTAMP, 'EMPTY');
INSERT INTO member (email, password, about_me, comment_count, post_count, blog_addr, github_addr, phone_number, created_at, image_key, image_url, nickname, lower_nickname, role, status, updated_at, job)
VALUES ('email2@test.com', '$2a$10$Q/1w7ts2v2d6d/u9a/cFxe0otUYfSW5JGTCUlFBy7t6fPwzozVXA2', 'About me 2', 0, 1, 'http://blog2.com', 'http://github.com/user2', '010-1234-0002', CURRENT_TIMESTAMP, 'default-image/users/test-image2.png', 'https://deepdiver-community-files-dev.s3.ap-northeast-2.amazonaws.com/default-image/users/test-image2.png', 'User2', 'user2', 'NORMAL', 'REGISTERED', CURRENT_TIMESTAMP, 'EMPTY');
INSERT INTO member (email, password, about_me, comment_count, post_count, blog_addr, github_addr, phone_number, created_at, image_key, image_url, nickname, lower_nickname, role, status, updated_at, job)
VALUES ('email3@test.com', '$2a$10$e0ccirNUURfuWtZPPGvTGuZ4ttEiGX9vGjHGW.F2Rn6GXlBCmHUPC', 'About me 3', 0, 1, 'http://blog3.com', 'http://github.com/user3', '010-1234-0003', CURRENT_TIMESTAMP, 'default-image/users/test-image3.png', 'https://deepdiver-community-files-dev.s3.ap-northeast-2.amazonaws.com/default-image/users/test-image3.png', 'User3', 'user3', 'NORMAL', 'REGISTERED', CURRENT_TIMESTAMP, 'EMPTY');
INSERT INTO member (email, password, about_me, comment_count, post_count, blog_addr, github_addr, phone_number, created_at, image_key, image_url, nickname, lower_nickname, role, status, updated_at, job)
VALUES ('email4@test.com', '$2a$10$Ucm41O6/Pbwn5T0kJ5gCkeS5pCYRmWkjoDzPMeStFqWgtXFtPCsG6', 'About me 4', 0, 1, 'http://blog4.com', 'http://github.com/user4', '010-1234-0004', CURRENT_TIMESTAMP, 'default-image/users/test-image4.png', 'https://deepdiver-community-files-dev.s3.ap-northeast-2.amazonaws.com/default-image/users/test-image4.png', 'User4', 'user4', 'NORMAL', 'REGISTERED', CURRENT_TIMESTAMP, 'EMPTY');
INSERT INTO member (email, password, about_me, comment_count, post_count, blog_addr, github_addr, phone_number, created_at, image_key, image_url, nickname, lower_nickname, role, status, updated_at, job)
VALUES ('email5@test.com', '$2a$10$e2QsjVC2tRJugH3NuH2LoeSUwbV69LL/YR0ZEp.tGJQ65/wq.p.eS', 'About me 5', 0, 1, 'http://blog5.com', 'http://github.com/user5', '010-1234-0005', CURRENT_TIMESTAMP, 'default-image/users/test-image5.png', 'https://deepdiver-community-files-dev.s3.ap-northeast-2.amazonaws.com/default-image/users/test-image5.png', 'User5', 'user5', 'NORMAL', 'REGISTERED', CURRENT_TIMESTAMP, 'EMPTY');
INSERT INTO member (email, password, about_me, comment_count, post_count, blog_addr, github_addr, phone_number, created_at, image_key, image_url, nickname, lower_nickname, role, status, updated_at, job)
VALUES ('email6@test.com', '$2a$10$BWvofLgEPX3cW98d.fil8eLC2wyO.gTmha/Xp5xB4i3kItPglgcA.', 'About me 6', 0, 1, 'http://blog6.com', 'http://github.com/user6', '010-1234-0006', CURRENT_TIMESTAMP, 'default-image/users/test-image6.jpeg', 'https://deepdiver-community-files-dev.s3.ap-northeast-2.amazonaws.com/default-image/users/test-image6.jpeg', 'User6', 'user6', 'NORMAL', 'REGISTERED', CURRENT_TIMESTAMP, 'EMPTY');
INSERT INTO member (email, password, about_me, comment_count, post_count, blog_addr, github_addr, phone_number, created_at, image_key, image_url, nickname, lower_nickname, role, status, updated_at, job)
VALUES ('email7@test.com', '$2a$10$/zy9uEbxlSpRSkUwumLKO.OJbq3K9U0WU1ixOUEmX3ECQPJFYW2.C', 'About me 7', 0, 1, 'http://blog7.com', 'http://github.com/user7', '010-1234-0007', CURRENT_TIMESTAMP, 'default-image/users/test-image7.jpeg', 'https://deepdiver-community-files-dev.s3.ap-northeast-2.amazonaws.com/default-image/users/test-image7.jpeg', 'User7', 'user7', 'NORMAL', 'REGISTERED', CURRENT_TIMESTAMP, 'EMPTY');
INSERT INTO member (email, password, about_me, comment_count, post_count, blog_addr, github_addr, phone_number, created_at, image_key, image_url, nickname, lower_nickname, role, status, updated_at, job)
VALUES ('email8@test.com', '$2a$10$cUZkFfaPT5iF9I/qVy3rAujp77P.kTB5zbFvZ0QFOwHPOFEytBLvm', 'About me 8', 0, 1, 'http://blog8.com', 'http://github.com/user8', '010-1234-0008', CURRENT_TIMESTAMP, 'default-image/users/test-image8.jpeg', 'https://deepdiver-community-files-dev.s3.ap-northeast-2.amazonaws.com/default-image/users/test-image8.jpeg', 'User8', 'user8', 'NORMAL', 'UNREGISTERED', CURRENT_TIMESTAMP, 'EMPTY');
INSERT INTO member (email, password, about_me, comment_count, post_count, blog_addr, github_addr, phone_number, created_at, image_key, image_url, nickname, lower_nickname, role, status, updated_at, job)
VALUES ('email9@test.com', '$2a$10$7sCWluVvMiLkqk7BrrYiFObdBZs4FzEZZielXNUH.FS3sjDEIOzVS', 'About me 9', 0, 1, 'http://blog9.com', 'http://github.com/user9', '010-1234-0009', CURRENT_TIMESTAMP, 'default-image/users/test-image9.png', 'https://deepdiver-community-files-dev.s3.ap-northeast-2.amazonaws.com/default-image/users/test-image9.png', 'User9', 'user9', 'NORMAL', 'DORMANCY', CURRENT_TIMESTAMP, 'EMPTY');
INSERT INTO member (email, password, about_me, comment_count, post_count, blog_addr, github_addr, phone_number, created_at, image_key, image_url, nickname, lower_nickname, role, status, updated_at, job)
VALUES ('email10@test.com', '$2a$10$kL5QsZWD23lNIY8pBa1UQep.WaRgv9/cMSODJmDLt6DS/sL4jagxu', 'About me 10', 0, 1, 'http://blog10.com', 'http://github.com/user10', '010-1234-0010', CURRENT_TIMESTAMP, 'default-image/users/test-image10.png', 'https://deepdiver-community-files-dev.s3.ap-northeast-2.amazonaws.com/default-image/users/test-image10.png', 'User10', 'user10', 'NORMAL', 'REGISTERED', CURRENT_TIMESTAMP, 'EMPTY');

-- Post 테이블 기본 카테고리 INSERT 쿼리
INSERT INTO category (id, title, description, status) VALUES (1, '자유게시판', '자유게시판 입니다.', 'ACTIVE');
INSERT INTO category (id, title, description, status) VALUES (2, '프로젝트 자랑 게시판', '프로젝트 자랑 게시판 입니다.', 'ACTIVE');
INSERT INTO category (id, title, description, status) VALUES (3, '질문 게시판', '질문 게시판 입니다.', 'ACTIVE');
INSERT INTO category (id, title, description, status) VALUES (4, '공지사항 게시판', '공지사항 게시판 입니다.', 'ACTIVE');

-- Post 테이블 INSERT 쿼리
INSERT INTO post (id, post_title, post_content, thumbnail, comment_count, like_count, view_count, status, created_at, updated_at, member_id, category_id)
VALUES (1, '첫 번째 게시글', '첫 번째 게시글의 내용입니다.', 'https://deepdiver-community-files-dev.s3.ap-northeast-2.amazonaws.com/default-image/posts/thumbnail.png', 2, 1, 0, 'ACTIVE', CURRENT_TIMESTAMP, CURRENT_TIMESTAMP, 1, 1);
INSERT INTO post (id, post_title, post_content, thumbnail, comment_count, like_count, view_count, status, created_at, updated_at, member_id, category_id)
VALUES (2, '두 번째 게시글', '두 번째 게시글의 내용입니다.', 'https://deepdiver-community-files-dev.s3.ap-northeast-2.amazonaws.com/default-image/posts/thumbnail.png', 0, 0, 0, 'ACTIVE', CURRENT_TIMESTAMP, CURRENT_TIMESTAMP, 2, 2);
INSERT INTO post (id, post_title, post_content, thumbnail, comment_count, like_count, view_count, status, created_at, updated_at, member_id, category_id)
VALUES (3, '세 번째 게시글', '세 번째 게시글의 내용입니다.', 'https://deepdiver-community-files-dev.s3.ap-northeast-2.amazonaws.com/default-image/posts/thumbnail.png', 0, 0, 0, 'DELETED', CURRENT_TIMESTAMP, CURRENT_TIMESTAMP, 3, 3);
INSERT INTO post (id, post_title, post_content, thumbnail, comment_count, like_count, view_count, status, created_at, updated_at, member_id, category_id)
VALUES (4, '네 번째 게시글', '네 번째 게시글의 내용입니다.', 'https://deepdiver-community-files-dev.s3.ap-northeast-2.amazonaws.com/default-image/posts/thumbnail.png', 0, 0, 0, 'ACTIVE', CURRENT_TIMESTAMP, CURRENT_TIMESTAMP, 4, 1);
INSERT INTO post (id, post_title, post_content, thumbnail, comment_count, like_count, view_count, status, created_at, updated_at, member_id, category_id)
VALUES (5, '다섯 번째 게시글', '다섯 번째 게시글의 내용입니다.', 'https://deepdiver-community-files-dev.s3.ap-northeast-2.amazonaws.com/default-image/posts/thumbnail.png', 0, 0, 0, 'ACTIVE', CURRENT_TIMESTAMP, CURRENT_TIMESTAMP, 5, 2);
INSERT INTO post (id, post_title, post_content, thumbnail, comment_count, like_count, view_count, status, created_at, updated_at, member_id, category_id)
VALUES (6, '여섯 번째 게시글', '여섯 번째 게시글의 내용입니다.', 'https://deepdiver-community-files-dev.s3.ap-northeast-2.amazonaws.com/default-image/posts/thumbnail.png', 0, 0, 0, 'ACTIVE', CURRENT_TIMESTAMP, CURRENT_TIMESTAMP, 6, 3);
INSERT INTO post (id, post_title, post_content, thumbnail, comment_count, like_count, view_count, status, created_at, updated_at, member_id, category_id)
VALUES (7, '일곱 번째 게시글', '일곱 번째 게시글의 내용입니다.', 'https://deepdiver-community-files-dev.s3.ap-northeast-2.amazonaws.com/default-image/posts/thumbnail.png', 0, 0, 0, 'ACTIVE', CURRENT_TIMESTAMP, CURRENT_TIMESTAMP, 7, 4);
INSERT INTO post (id, post_title, post_content, thumbnail, comment_count, like_count, view_count, status, created_at, updated_at, member_id, category_id)
VALUES (8, '여덟 번째 게시글', '여덟 번째 게시글의 내용입니다.', 'https://deepdiver-community-files-dev.s3.ap-northeast-2.amazonaws.com/default-image/posts/thumbnail.png', 0, 0, 0, 'ACTIVE', CURRENT_TIMESTAMP, CURRENT_TIMESTAMP, 8, 1);
INSERT INTO post (id, post_title, post_content, thumbnail, comment_count, like_count, view_count, status, created_at, updated_at, member_id, category_id)
VALUES (9, '아홉 번째 게시글', '아홉 번째 게시글의 내용입니다.', 'https://deepdiver-community-files-dev.s3.ap-northeast-2.amazonaws.com/default-image/posts/thumbnail.png', 0, 0, 0, 'ACTIVE', CURRENT_TIMESTAMP, CURRENT_TIMESTAMP, 9, 2);
INSERT INTO post (id, post_title, post_content, thumbnail, comment_count, like_count, view_count, status, created_at, updated_at, member_id, category_id)
VALUES (10, '열 번째 게시글', '열 번째 게시글의 내용입니다.', 'https://deepdiver-community-files-dev.s3.ap-northeast-2.amazonaws.com/default-image/posts/thumbnail.png', 0, 0, 0, 'ACTIVE', CURRENT_TIMESTAMP, CURRENT_TIMESTAMP, 10, 3);

insert into hashtag (id, hashtag) values (1, '태그입니다');
insert into post_hashtag (id, post_id, hashtag_id, created_at, updated_at) values (1, 10, 1, CURRENT_TIMESTAMP, CURRENT_TIMESTAMP);

insert into deepdive_community_image (image_id, image_key, image_url, image_type, reference_id, created_at, updated_at)
values (1, 'posts/image1.png', 'https://deepdiver-community-files-dev.s3.ap-northeast-2.amazonaws.com/posts/image1.png', 'POST_CONTENT', 1, CURRENT_TIMESTAMP, CURRENT_TIMESTAMP);

INSERT INTO comment (id, member_id, post_id, parent_comment_id, content, reply_count, like_count, status, created_at, updated_at)
VALUES (1, 1, 1, null, '댓글입니다.', 1, 0, 'REGISTERED', CURRENT_TIMESTAMP, CURRENT_TIMESTAMP);

INSERT INTO comment (id, member_id, post_id, parent_comment_id, content, reply_count, like_count, status, created_at, updated_at)
VALUES (2, 1, 1, 1, '답글입니다.', 0, 0, 'REGISTERED', CURRENT_TIMESTAMP, CURRENT_TIMESTAMP);

INSERT INTO deepdive_community_like (target_id, member_id, target_type, created_at, updated_at) VALUES (1, 1, 'POST', CURRENT_TIMESTAMP, CURRENT_TIMESTAMP);